county_name,fdr_result
Modoc,8.4
Modoc,7.4
Modoc,7.9
Modoc,7.7
Modoc,6.6
Modoc,5.7
Modoc,6.1
Modoc,7
Modoc,7.3
Modoc,8
Modoc,6.4
Modoc,6.5
Modoc,6.3
Modoc,6.8
Modoc,8
Modoc,7.1
Modoc,6.4
Modoc,6.7
Modoc,7.8
Modoc,6.8
Modoc,7.3
Modoc,8
Modoc,7.2
Modoc,7
Modoc,7
Modoc,5.4
Modoc,7.8
Modoc,7.9
Modoc,7.5
Modoc,7
Modoc,6.2
Modoc,8.1
Modoc,7.5
Modoc,7.3
Modoc,7.3
Modoc,7.3
Modoc,7.5
Modoc,7.5
Modoc,6.9
Modoc,7.1
Modoc,6.8
Modoc,6.5
Modoc,6.9
Modoc,7
Modoc,7.9
Modoc,8.5
Modoc,8.3
Modoc,7.7
Modoc,7.2
Modoc,7.1
Modoc,7.6
Modoc,9.8
Modoc,9.9
Modoc,9.8
Modoc,9.8
Modoc,9.5
Modoc,9.8
Modoc,10.3
Modoc,8.4
Modoc,8
Modoc,7.8
Modoc,7.4
Modoc,7.9
Modoc,7
Modoc,8.8
Modoc,11
Modoc,9
Modoc,8
Modoc,7.5
Modoc,6
Modoc,8
Modoc,8.1
Modoc,9.6
Modoc,12.1
Modoc,9.2
Modoc,9.5
Modoc,7.7
Modoc,7.3
Modoc,7.4
Modoc,7.8
Modoc,8.2
Modoc,9.8
Modoc,12.3
Modoc,9.1
Modoc,7.5
Modoc,7.1
Modoc,7
Modoc,7.4
Modoc,8
Modoc,9.3
Modoc,10.5
Modoc,9.3
Modoc,7.5
Modoc,7.8
Modoc,7.1
Modoc,7.2
Modoc,7.9
Modoc,9.8
Modoc,11.6
Modoc,9
Modoc,7.4
Modoc,7.7
Modoc,8
Modoc,8.1
Modoc,9.8
Modoc,9.1
Modoc,7.8
Modoc,6.8
Modoc,8
Modoc,8.1
Modoc,7.5
Modoc,9.5
Modoc,10.2
Modoc,8.8
Modoc,7.8
Modoc,7.3
Modoc,7.8
Modoc,6.9
Modoc,7.2
Modoc,8.4
Modoc,10.3
Modoc,10.6
Modoc,9.8
Modoc,9
Modoc,7.9
Modoc,7.2
Modoc,7.3
Modoc,8.5
Modoc,7.8
Modoc,8.9
Modoc,12.4
Modoc,11.9
Modoc,11.2
Modoc,9.9
Modoc,9.7
Modoc,9
Modoc,7.5
Modoc,8.1
Modoc,6.7
Modoc,7.7
Modoc,8.4
Modoc,9.7
Modoc,10.3
Modoc,12.1
Modoc,10.5
Modoc,10.3
Modoc,10.3
Modoc,10.5
Modoc,8.4
Modoc,8.4
Modoc,8
Modoc,8.9
Modoc,9.4
Modoc,10.4
Modoc,11.8
Modoc,11.2
Modoc,10.6
Modoc,10.2
Modoc,10.5
Modoc,9.3
Modoc,8.8
Modoc,8
Modoc,7.7
Modoc,7.4
Modoc,9.3
Modoc,8.6
Modoc,11.5
Modoc,10.1
Modoc,12
Modoc,10.3
Modoc,12.3
Modoc,10.2
Modoc,9.1
Modoc,8.3
Modoc,7.9
Modoc,7.5
Modoc,7.9
Modoc,9.1
Modoc,10.5
Modoc,13.1
Modoc,11.4
Modoc,13.4
Modoc,11.4
Modoc,9
Modoc,10
Modoc,8.6
Modoc,7.2
Modoc,6.9
Modoc,7.7
Modoc,8.6
Modoc,11.5
Modoc,8.8
Modoc,11
Modoc,10.5
Modoc,7.9
Modoc,9.7
Modoc,8.5
Modoc,6.9
Modoc,7.7
Modoc,7.4
Modoc,8.1
Modoc,9.3
Modoc,10.2
Modoc,13
Modoc,11.7
Modoc,11.2
Modoc,10.2
Modoc,9.7
Modoc,9.7
Modoc,8.8
Modoc,8.1
Modoc,8.7
Modoc,9.8
Modoc,7.6
Modoc,10.4
Modoc,11
Modoc,11.3
Modoc,11.8
Modoc,12
Modoc,11.4
Modoc,11.5
Modoc,10.2
Modoc,7.3
Modoc,7.8
Modoc,7.1
Modoc,8.8
Modoc,9.3
Modoc,10.1
Modoc,12.2
Modoc,11.1
Modoc,9.8
Modoc,7.8
Modoc,10.6
Modoc,9.1
Modoc,8.3
Modoc,7.4
Modoc,7.7
Modoc,8
Modoc,8
Modoc,10
Modoc,11.9
Modoc,11.6
Modoc,11.2
Modoc,11.2
Modoc,11.8
Modoc,10
Modoc,8.2
Modoc,8.4
Modoc,8.5
Modoc,7.5
Modoc,9.5
Modoc,10.2
Modoc,12.9
Modoc,12.9
Modoc,12.2
Modoc,11.2
Modoc,11.2
Modoc,11.3
Modoc,10.5
Modoc,8.1
Modoc,11.6
Modoc,5.9
Modoc,9.5
Modoc,9.8
Modoc,10.8
Modoc,12.5
Modoc,11.2
Modoc,11.6
Modoc,10.5
Modoc,9.5
Modoc,9.6
Modoc,8.3
Modoc,8.3
Modoc,8.2
Modoc,9.8
Modoc,9.5
Modoc,13
Modoc,12
Modoc,12.7
Modoc,11.9
Modoc,9.5
Modoc,9.5
Modoc,7.7
Modoc,7.3
Modoc,6.6
Modoc,7
Modoc,8.3
Modoc,8.3
Modoc,11
Modoc,11.7
Modoc,10.8
Modoc,9.3
Modoc,8.1
Modoc,7.5
Modoc,7.9
Modoc,9.7
Modoc,7.8
Modoc,9.4
Modoc,11.4
Modoc,12.3
Modoc,13
Modoc,12.5
Modoc,13
Modoc,10.6
Modoc,9.6
Modoc,8.8
Modoc,7.4
Modoc,10.6
Modoc,6.7
Modoc,7.2
Modoc,10
Modoc,11.1
Modoc,11.4
Modoc,11
Modoc,11
Modoc,10.1
Modoc,9.8
Modoc,10.3
Modoc,7
Modoc,7.2
Modoc,6.3
Modoc,7.3
Modoc,10.7
Modoc,9.8
Modoc,11.2
Modoc,12.1
Modoc,11.2
Modoc,9.7
Modoc,10.1
Modoc,8.2
Modoc,9.9
Modoc,5.1
Modoc,9.9
Modoc,10.4
Modoc,11
Modoc,11.7
Modoc,12.9
Modoc,11.9
Modoc,12.7
Modoc,12
Modoc,8.1
Modoc,9.6
Modoc,10.4
Modoc,8
Modoc,11.3
Modoc,8.3
Modoc,8.6
Modoc,9.1
Modoc,6.6
Modoc,5.4
Modoc,4.9
Modoc,8
Modoc,10.6
Modoc,8.9
Modoc,5.9
Modoc,5.6
Modoc,5.6
Modoc,8.4
Modoc,12.7
Modoc,6
Modoc,6.1
Modoc,8.4
Modoc,9.3
Modoc,8.2
Modoc,6.8
Modoc,9.2
Modoc,9.2
Modoc,8.5
Modoc,10.8
Modoc,10
Modoc,11.2
Modoc,11.6
Modoc,11.1
Modoc,10
Modoc,10.2
Modoc,8.2
Modoc,8.3
Modoc,8.2
Modoc,9.4
Modoc,7.1
Modoc,7.6
Modoc,8.7
Modoc,7.6
Modoc,6.6
Modoc,6.6
Modoc,9.8
Modoc,5.7
Modoc,8.5
Modoc,9.2
Modoc,7.1
Modoc,6.1
Modoc,5.2
Modoc,9.9
Modoc,9.6
Modoc,10.3
Modoc,12.1
Modoc,12
Modoc,12.5
Modoc,12.5
Modoc,9.4
Modoc,10.6
Modoc,9.4
Modoc,8.2
Modoc,8.3
Modoc,6.9
Modoc,6.9
Modoc,7.3
Modoc,7.3
Modoc,7.3
Modoc,8.7
Modoc,8.7
Modoc,8.9
Modoc,7.8
Modoc,6.1
Modoc,3.6
Modoc,8.8
Modoc,9.9
Modoc,10.2
Modoc,8.9
Modoc,10.2
Modoc,8
Modoc,6.8
Modoc,6.3
Modoc,6.2
Modoc,8.8
Modoc,7.8
Modoc,10.3
Modoc,9.3
Modoc,9.4
Modoc,9.3
Modoc,9.2
Modoc,9.2
Modoc,9.7
Modoc,12.5
Modoc,11.2
Modoc,10.9
Modoc,9.4
Modoc,10.4
Modoc,10.6
Modoc,8.8
Modoc,8.3
Modoc,8.7
Modoc,8.9
Modoc,9.5
Modoc,9.6
Modoc,11.5
Modoc,12.6
Modoc,10.2
Modoc,12
Modoc,10.2
Modoc,10.1
Modoc,8.1
Modoc,7.3
Modoc,9
Modoc,10.6
Modoc,8.5
Modoc,10.1
Modoc,10.1
Modoc,10.5
Modoc,11.5
Modoc,10.1
Modoc,10
Modoc,8.7
Modoc,9.5
Modoc,8.5
Modoc,8.2
Modoc,9.9
Modoc,12.6
Modoc,13.4
Modoc,12.1
Modoc,11
Modoc,9.2
Modoc,8.1
Modoc,8
Modoc,11.3
Modoc,12
Modoc,9.7
Modoc,9.1
Modoc,7.5
Modoc,7.5
Modoc,12.8
Modoc,7.4
Modoc,6.9
Modoc,8.4
Modoc,9
Modoc,9.2
Modoc,10.6
Modoc,8.6
Modoc,7.8
Modoc,9.2
Modoc,11.3
Modoc,10.3
Modoc,10.5
Modoc,7.3
Modoc,7.7
Modoc,7.7
Modoc,9.7
Modoc,12.4
Modoc,11.2
Modoc,8.1
Modoc,8.4
Modoc,7.2
Modoc,10.2
Modoc,11.8
Modoc,10.4
Modoc,9.5
Modoc,8.5
Modoc,9.2
Modoc,10.7
Modoc,11.6
Modoc,9.2
Modoc,9.6
Modoc,8.8
Modoc,9.4
Modoc,11.7
Modoc,11.5
Modoc,10.7
Modoc,9.6
Modoc,12.5
Modoc,12.5
Modoc,13
Modoc,13
Modoc,10
Modoc,10.9
Modoc,9.5
Modoc,12.6
Modoc,11.7
Modoc,8.3
Modoc,12.1
Modoc,10.8
Modoc,10.2
Modoc,10.4
Modoc,13
Modoc,13.6
Modoc,9.4
Modoc,4.51
Modoc,9.05
Modoc,10.61
Modoc,7.95
Modoc,9.32
Modoc,5.13
Modoc,9.95
Modoc,9
Modoc,7.17
Modoc,9.02
Modoc,11.77
Modoc,8.4
Modoc,9.1
Modoc,11.7
Modoc,9
Modoc,7.5
Modoc,8.3
Modoc,7.43
Modoc,7.7
Modoc,6.4
Modoc,9.3
Modoc,10.7
Modoc,8.4
Modoc,4.1
Modoc,7.3
Modoc,8.3
Modoc,6.2
Modoc,4.7
Modoc,6.9
Modoc,11.7
Modoc,4.3
Modoc,5.8
Modoc,8.2
Modoc,5.6
Modoc,5.3
Modoc,4.8
Modoc,6.1
Modoc,8.6
Modoc,3.4
Modoc,5
Modoc,6.5
Modoc,11.7
Modoc,6.6
Modoc,3.8
Modoc,7.2
Modoc,6.3
Modoc,4.3
Modoc,9.8
Modoc,10.5
Modoc,11.8
Modoc,5.9
Modoc,10.8
Modoc,8.5
Modoc,7.7
Modoc,11.7
Modoc,7.5
Modoc,10.4
Modoc,9
Modoc,8.7
Modoc,11.2
Modoc,7.2
Modoc,7.4
Modoc,8
Modoc,6.9
Modoc,6.1
Modoc,6.4
Modoc,7.2
Modoc,8.7
Modoc,8.9
Modoc,7.7
Modoc,7.2
Modoc,6.5
Modoc,7
Modoc,7.7
Modoc,7.1
Modoc,6.6
Modoc,7.3
Modoc,7.8
Modoc,6.9
Modoc,9.4
Modoc,8
Modoc,8
Modoc,4.2
Modoc,0.7
Modoc,6
Modoc,6.5
Modoc,7.6
Modoc,6.6
Modoc,5.6
Modoc,7.8
Modoc,8
Modoc,7.4
Modoc,7.2
Modoc,7.4
Modoc,7.4
Modoc,7.4
Modoc,7.5
Modoc,7.5
Modoc,6.9
Modoc,6.4
Modoc,6.7
Modoc,6.8
Modoc,7.5
Modoc,7.8
Modoc,7.5
Modoc,7.1
Modoc,7.2
Modoc,7.2
Modoc,7
Modoc,9.5
Modoc,9.2
Modoc,9.5
Modoc,9.5
Modoc,9.3
Modoc,9.6
Modoc,9.6
Modoc,9.7
Modoc,8.5
Modoc,12.6
Modoc,7.1
Modoc,6.5
Modoc,9
Modoc,11.2
Modoc,9.5
Modoc,10.5
Modoc,8.3
Modoc,6.1
Modoc,5.4
Modoc,6.1
Modoc,9
Modoc,9.6
Modoc,8.4
Modoc,5.5
Modoc,5.9
Modoc,9.4
Modoc,4.6
Modoc,7.9
Modoc,10.6
Modoc,7.4
Modoc,5.1
Modoc,5.2
Modoc,7.8
Modoc,9.5
Modoc,9.4
Modoc,6.5
Modoc,7.9
Modoc,8.6
Modoc,8
Modoc,7
Modoc,5.7
Modoc,5.1
Modoc,10.1
Modoc,11.3
Modoc,7.9
Modoc,5.7
Modoc,5.4
Modoc,9
Modoc,10
Modoc,7.6
Modoc,8.2
Modoc,9.1
Modoc,9.3
Modoc,9.1
Modoc,7
Modoc,7.1
Modoc,6.5
Modoc,6.5
Modoc,6.5
Modoc,7.1
Modoc,3.7
Modoc,3.8
Modoc,5.5
Modoc,6.4
Modoc,5.2
Modoc,3.8
Modoc,4.3
Modoc,9.5
Modoc,11.2
Modoc,9.6
Modoc,8.5
Modoc,8.2
Modoc,8.4
Modoc,8.6
Modoc,10.9
Modoc,8.1
Modoc,8.7
Modoc,8.5
Modoc,5
Modoc,11.5
Modoc,10.5
Modoc,10.8
Modoc,10.2
Modoc,7.6
Modoc,9
Modoc,11
Modoc,8
Modoc,11.4
Modoc,12.2
Modoc,8.5
Modoc,11.4
Modoc,11.9
Modoc,10.8
Modoc,13.5
Modoc,12.2
Modoc,13.7
Modoc,12.7
Modoc,6.05
Modoc,8.51
Modoc,9.23
Modoc,10.42
Modoc,10.22
Modoc,9.9
Modoc,10.46
Modoc,9.71
Modoc,6.75
Modoc,12.48
Modoc,12.14
Modoc,11
Modoc,10.6
Modoc,12.2
Modoc,9.4
Modoc,4.5
Modoc,8.3
Modoc,6.46
Modoc,7.6
Modoc,3.4
Modoc,9.4
Modoc,11.4
Modoc,10
Modoc,5.5
Modoc,7.7
Modoc,9.5
Modoc,7.9
Modoc,8
Modoc,8.8
Modoc,12.9
Modoc,6.6
Modoc,3.6
Modoc,8.9
Modoc,3.3
Modoc,7.7
Modoc,3
Modoc,9.1
Modoc,10.5
Modoc,4.3
Modoc,2.5
Modoc,7.9
Modoc,10.8
Modoc,9.9
Modoc,0.1
Modoc,8
Modoc,7.9
Modoc,3.5
Modoc,9.5
Modoc,10.5
Modoc,11.8
Modoc,7.3
Modoc,5.9
Modoc,9.7
Modoc,3.3
Modoc,11.8
Modoc,8.6
Modoc,11.6
Modoc,10.4
Modoc,8.1
Modoc,8.6
Modoc,9.5
Modoc,10.5
Modoc,10.6
Modoc,10.9
Modoc,12.4
Modoc,11.2
Modoc,11.8
Modoc,11.9
Modoc,12.1
Modoc,10.1
Modoc,10.8
Modoc,11.5
Modoc,8
Modoc,6.9
Modoc,7.8
Modoc,8.2
Modoc,7.9
Modoc,5.5
Modoc,5.5
Modoc,7.7
Modoc,9.2
Modoc,5.7
Modoc,6
Modoc,5.6
Modoc,6.2
Modoc,7.3
Modoc,6.6
Modoc,6.7
Modoc,6
Modoc,7.2
Modoc,7.8
Modoc,8.5
Modoc,6.2
Modoc,6.2
Modoc,7.9
Modoc,8.8
Modoc,7.6
Modoc,6.9
Modoc,6.5
Modoc,5.9
Modoc,5.8
Modoc,6.2
Modoc,6.5
Modoc,6.2
Modoc,5.8
Modoc,8.3
Modoc,7.8
Modoc,6.8
Modoc,6.2
Modoc,6.1
Modoc,6.3
Modoc,6.1
Modoc,6.3
Modoc,7.5
Modoc,7.2
Modoc,6.8
Modoc,6
Modoc,5.6
Modoc,5.4
Modoc,5.7
Modoc,5.5
Modoc,5.8
Modoc,5.8
Modoc,5.9
Modoc,5.5
Modoc,8.9
Modoc,9.4
Modoc,9.2
Modoc,9
Modoc,8.7
Modoc,8.6
Modoc,8.7
Modoc,7.7
Modoc,8.1
Modoc,5
Modoc,8.8
Modoc,12.4
Modoc,6.6
Modoc,9.9
Modoc,12.6
Modoc,6.1
Modoc,10.2
Modoc,8.3
Modoc,6.5
Modoc,6.7
Modoc,11.4
Modoc,10.4
Modoc,11.8
Modoc,12.1
Modoc,7.8
Modoc,10.1
Modoc,12.7
Modoc,10.9
Modoc,9.4
Modoc,12.8
Modoc,5.4
Modoc,11.4
Modoc,10.7
Modoc,8.2
Modoc,11.6
Modoc,3
Modoc,13.5
Modoc,12.1
Modoc,6.3
Modoc,13
Modoc,9.8
Modoc,10.5
Modoc,10.3
Modoc,13.5
Modoc,12.2
Modoc,6.9
Modoc,4.2
Modoc,8.38
Modoc,9.93
Modoc,8.51
Modoc,8.06
Modoc,9.81
Modoc,8.94
Modoc,8.18
Modoc,6.96
Modoc,11.8
Modoc,9.57
Modoc,8.5
Modoc,9.3
Modoc,9
Modoc,7.4
Modoc,4.7
Modoc,6.5
Modoc,7.84
Modoc,6.2
Modoc,4.2
Modoc,8.3
Modoc,10.3
Modoc,9.7
Modoc,4.9
Modoc,7.4
Modoc,8.9
Modoc,5.3
Modoc,1.5
Modoc,6.1
Modoc,11.7
Modoc,5.1
Modoc,2.9
Modoc,9.1
Modoc,11.8
Modoc,7.6
Modoc,6.2
Modoc,8.6
Modoc,6.7
Modoc,4.4
Modoc,4.1
Modoc,5.2
Modoc,8.2
Modoc,7.9
Modoc,9.8
Modoc,9.6
Modoc,9.4
Modoc,7
Modoc,4.5
Modoc,2.35
Modoc,1.3
Modoc,6.4
Modoc,8.7
Modoc,9.1
Modoc,5.7
Modoc,6.1
Modoc,2.5
Modoc,4.5
Modoc,7.6
Modoc,7.9
Modoc,10.5
Modoc,5.5
Modoc,3.9
Modoc,8.7
Modoc,7.1
Modoc,9.1
Modoc,8.8
Modoc,8.9
Modoc,8.2
Modoc,9.4
Modoc,10.1
Modoc,8.2
Modoc,8
Modoc,8.8
Modoc,11
Modoc,12.2
Modoc,9.4
Modoc,11
Modoc,8.9
Modoc,8.5
Modoc,7.3
Modoc,7.8
Modoc,7.8
Modoc,9.6
Modoc,10.5
Modoc,12
Modoc,12
Modoc,11.7
Modoc,11.3
Modoc,8.6
Modoc,8.3
Modoc,7.9
Modoc,8
Modoc,7.8
Modoc,8.1
Modoc,9.8
Modoc,10.9
Modoc,11.8
Modoc,10.1
Modoc,10.9
Modoc,10.5
Modoc,11.3
Modoc,10.4
Modoc,7.4
Modoc,7.8
Modoc,7.8
Modoc,7.9
Modoc,9.4
Modoc,11.6
Modoc,11.7
Modoc,12.4
Modoc,10.7
Modoc,12
Modoc,8.6
Modoc,8.4
Modoc,8.7
Modoc,8.8
Modoc,6.8
Modoc,8.5
Modoc,11.5
Modoc,11.6
Modoc,11.1
Modoc,12.7
Modoc,10.6
Modoc,9.9
Modoc,10.6
Modoc,9.5
Modoc,9.6
Modoc,9.3
Modoc,8.2
Modoc,8.8
Modoc,10.3
Modoc,10.9
Modoc,12
Modoc,11.2
Modoc,12.4
Modoc,12
Modoc,12.3
Modoc,11.9
Modoc,9.8
Modoc,8.3
Modoc,8.1
Modoc,8.9
Modoc,9
Modoc,10.9
Modoc,10.2
Modoc,11
Modoc,9.7
Modoc,10.2
Modoc,8.3
Modoc,9.4
Modoc,7.8
Modoc,8.9
Modoc,8.5
Modoc,9.6
Modoc,9.9
Modoc,10.9
Modoc,12.9
Modoc,12.7
Modoc,12.5
Modoc,11.6
Modoc,11
Modoc,8.6
Modoc,9.2
Modoc,8.6
Modoc,8.4
Modoc,8
Modoc,8.4
Modoc,10.7
Modoc,11.8
Modoc,12
Modoc,12.1
Modoc,10.8
Modoc,10.4
Modoc,10.2
Modoc,9.2
Modoc,7.5
Modoc,8.6
Modoc,8.2
Modoc,9.9
Modoc,9.9
Modoc,12.2
Modoc,12.7
Modoc,11.2
Modoc,10.1
Modoc,11.7
Modoc,9.8
Modoc,9.1
Modoc,9.2
Modoc,8.2
Modoc,8.7
Modoc,10.6
Modoc,12.5
Modoc,12.1
Modoc,8.9
Modoc,8.3
Modoc,12.1
Modoc,10.9
Modoc,11.5
Modoc,10.7
Modoc,10.8
Modoc,9
Modoc,9.8
Modoc,8.4
Modoc,12.5
Modoc,9.5
Modoc,9.8
Modoc,10.1
Modoc,9.6
Modoc,9.7
Modoc,9.4
Modoc,9.8
Modoc,9.4
Modoc,10
Modoc,9.4
Modoc,8.3
Modoc,9.1
Modoc,8.1
Modoc,8.8
Modoc,8.4
Modoc,7.4
Modoc,8.8
Modoc,11.2
Modoc,9.8
Modoc,8.5
Modoc,10.8
Modoc,9.5
Modoc,8.5
Modoc,9.2
Modoc,9.9
Modoc,11.3
Modoc,9.6
Modoc,9.4
Modoc,11.1
Modoc,8.9
Modoc,9
Modoc,9.2
Modoc,8
Modoc,10.5
Modoc,9
Modoc,10.9
Modoc,10.7
Modoc,9.2
Modoc,11.7
Modoc,9.4
Modoc,9.8
Modoc,9.4
Modoc,9.4
Modoc,9.7
Modoc,10.5
Modoc,11.4
Modoc,12.5
Modoc,8.3
Modoc,7.2
Modoc,8.6
Modoc,10.9
Modoc,9.6
Modoc,8.3
Modoc,8.5
Modoc,8.2
Modoc,9.4
Modoc,7.4
Modoc,8.8
Modoc,7.7
Modoc,8.3
Modoc,8.2
Modoc,8.1
Modoc,7.1
Modoc,8.7
Modoc,6.8
Modoc,6.1
Modoc,7.6
Modoc,8.9
Modoc,8.5
Modoc,7.5
Modoc,7.2
Modoc,8.8
Modoc,8.5
Modoc,6.7
Modoc,7.5
Modoc,7
Modoc,10.6
Modoc,11
Modoc,11.1
Modoc,11.7
Modoc,11.6
Modoc,11.1
Modoc,9.9
Modoc,7.7
Modoc,10.3
Modoc,11.8
Modoc,10.2
Modoc,10.2
Modoc,11.1
Modoc,10.1
Modoc,7.1
Modoc,9.6
Modoc,11.7
Modoc,9.3
Modoc,9.4
Modoc,12.2
Modoc,9
Modoc,10.1
Modoc,8.8
Modoc,9.1
Modoc,12
Modoc,9.1
Modoc,11.2
Modoc,9.7
Modoc,12.3
Modoc,11.3
Modoc,9.6
Modoc,12.9
Modoc,11.2
Modoc,8.3
Modoc,11
Modoc,9
Modoc,12.8
Modoc,9.9
Modoc,10.3
Modoc,10.6
Modoc,7.5
Modoc,1
Modoc,0.8
Modoc,5.6
Modoc,1.7
Modoc,3.4
Modoc,2.4
Modoc,0.8
Modoc,3.9
Modoc,1.8
Modoc,2.5
Modoc,0.5
Modoc,13
Modoc,1.1
Modoc,2.2
Modoc,1.3
Modoc,2.2
Modoc,2.2
Modoc,10.2
Modoc,9.7
Modoc,3.7
Modoc,5.1
Modoc,9.2
Modoc,8
Modoc,4.5
Modoc,8.7
Modoc,8.9
Modoc,9.7
Modoc,3.7
Modoc,0.6
Modoc,8.3
Modoc,9.2
Modoc,2.8
Modoc,7.1
Modoc,8.6
Modoc,10
Modoc,6.6
Modoc,7.2
Modoc,11.8
Modoc,9.4
Modoc,7.1
Santa Clara,11
Santa Clara,10
Santa Clara,8.8
Santa Clara,8.5
Santa Clara,8.1
Santa Clara,8.3
Santa Clara,10.6
Santa Clara,12.9
Santa Clara,7.8
Santa Clara,9.5
Santa Clara,10.1
Santa Clara,9.5
Santa Clara,8.8
Santa Clara,9.5
Santa Clara,8.8
Santa Clara,8.7
Santa Clara,8.6
Santa Clara,10.4
Santa Clara,11.5
Santa Clara,11.6
Santa Clara,10.5
Santa Clara,9.9
Santa Clara,11.8
Santa Clara,11.8
Santa Clara,9.9
Santa Clara,9
Santa Clara,9.5
Santa Clara,10.9
Santa Clara,9.8
Santa Clara,10.3
Santa Clara,12.3
Santa Clara,11.2
Santa Clara,10.1
Santa Clara,11.5
Santa Clara,11.6
Santa Clara,10.5
Santa Clara,9.5
Santa Clara,9.7
Santa Clara,10
Santa Clara,11
Santa Clara,12.9
Santa Clara,12.9
Santa Clara,10.9
Santa Clara,10.9
Santa Clara,10.5
Santa Clara,9.7
Santa Clara,9.2
Santa Clara,8.5
Santa Clara,8.7
Santa Clara,9.3
Santa Clara,10.6
Santa Clara,10.9
Santa Clara,11.8
Santa Clara,12.2
Santa Clara,11.9
Santa Clara,9.3
Santa Clara,10.5
Santa Clara,9.3
Santa Clara,8.8
Santa Clara,8.7
Santa Clara,9.3
Santa Clara,8.9
Santa Clara,9.5
Santa Clara,10.7
Santa Clara,12.7
Santa Clara,11.4
Santa Clara,11.4
Santa Clara,10.4
Santa Clara,10.6
Santa Clara,11.1
Santa Clara,10
Santa Clara,10.2
Santa Clara,8.1
Santa Clara,8.1
Santa Clara,9.2
Santa Clara,9.6
Santa Clara,10.4
Santa Clara,11.6
Santa Clara,12.8
Santa Clara,12.9
Santa Clara,5.4
Santa Clara,10
Santa Clara,9.1
Santa Clara,8.5
Santa Clara,8.5
Santa Clara,8.9
Santa Clara,9.3
Santa Clara,9.3
Santa Clara,10
Santa Clara,11
Santa Clara,11.3
Santa Clara,10.9
Santa Clara,10.8
Santa Clara,10.2
Santa Clara,9.2
Santa Clara,9.2
Santa Clara,8.8
Santa Clara,9.2
Santa Clara,8.3
Santa Clara,9.2
Santa Clara,10.2
Santa Clara,10.8
Santa Clara,11.2
Santa Clara,11.4
Santa Clara,10.5
Santa Clara,9.9
Santa Clara,9.5
Santa Clara,9.5
Santa Clara,9.8
Santa Clara,10.3
Santa Clara,10.6
Santa Clara,9.8
Santa Clara,10.7
Santa Clara,11.3
Santa Clara,11.1
Santa Clara,12.7
Santa Clara,11.9
Santa Clara,11.9
Santa Clara,11.1
Santa Clara,11.4
Santa Clara,11.8
Santa Clara,11.3
Santa Clara,11.3
Santa Clara,11.5
Santa Clara,12.1
Santa Clara,12.1
Santa Clara,12.6
Santa Clara,13
Santa Clara,14.3
Santa Clara,14.3
Santa Clara,14.1
Santa Clara,14
Santa Clara,13
Santa Clara,10.1
Santa Clara,9.6
Santa Clara,9
Santa Clara,8.3
Santa Clara,10.8
Santa Clara,10
Santa Clara,9.5
Santa Clara,10.9
Santa Clara,12
Santa Clara,11.4
Santa Clara,10.4
Santa Clara,9.3
Santa Clara,12.5
Santa Clara,8.6
Santa Clara,9
Santa Clara,8.3
Santa Clara,8.3
Santa Clara,9.1
Santa Clara,9
Santa Clara,9.2
Santa Clara,11
Santa Clara,11.5
Santa Clara,10.5
Santa Clara,11
Santa Clara,10.7
Santa Clara,9.4
Santa Clara,9.4
Santa Clara,8.7
Santa Clara,12.8
Santa Clara,12.8
Santa Clara,11.9
Santa Clara,16.3
Santa Clara,12.5
Santa Clara,14.3
Santa Clara,14.6
Santa Clara,13.2
Santa Clara,9.1
Santa Clara,10.4
Santa Clara,11
Santa Clara,9.7
Santa Clara,8.8
Santa Clara,9.1
Santa Clara,11.7
Santa Clara,10.4
Santa Clara,10
Santa Clara,10.5
Santa Clara,11.2
Santa Clara,10.5
Santa Clara,11.5
Santa Clara,13.2
Santa Clara,12.2
Santa Clara,10.3
Santa Clara,10.5
Santa Clara,9.7
Santa Clara,9.6
Santa Clara,9.8
Santa Clara,10.2
Santa Clara,10.8
Santa Clara,11.6
Santa Clara,11.9
Santa Clara,11.8
Santa Clara,11.4
Santa Clara,11.1
Santa Clara,10.6
Santa Clara,10.4
Santa Clara,10.4
Santa Clara,9.6
Santa Clara,8.6
Santa Clara,10.3
Santa Clara,9.9
Santa Clara,10.3
Santa Clara,10.1
Santa Clara,11.1
Santa Clara,11.3
Santa Clara,11
Santa Clara,9.4
Santa Clara,10.7
Santa Clara,11.4
Santa Clara,11.8
Santa Clara,12
Santa Clara,10.4
Santa Clara,11
Santa Clara,11
Santa Clara,12
Santa Clara,12.6
Santa Clara,12.8
Santa Clara,12.2
Santa Clara,11
Santa Clara,9.7
Santa Clara,9.8
Santa Clara,9.8
Santa Clara,8.7
Santa Clara,9.3
Santa Clara,8.6
Santa Clara,10.1
Santa Clara,10.1
Santa Clara,9.9
Santa Clara,9
Santa Clara,8.9
Santa Clara,9.4
Santa Clara,12.5
Santa Clara,11.4
Santa Clara,11.2
Santa Clara,12.5
Santa Clara,10.1
Santa Clara,10.7
Santa Clara,10.4
Santa Clara,9.6
Santa Clara,8.2
Santa Clara,8.4
Santa Clara,11.6
Santa Clara,9.7
Santa Clara,10.1
Santa Clara,12.2
Santa Clara,13.4
Santa Clara,11
Santa Clara,11
Santa Clara,11
Santa Clara,10.5
Santa Clara,9.5
Santa Clara,9
Santa Clara,9
Santa Clara,8.3
Santa Clara,8.3
Santa Clara,8.5
Santa Clara,9
Santa Clara,9.7
Santa Clara,9.9
Santa Clara,12.5
Santa Clara,12.3
Santa Clara,11
Santa Clara,11
Santa Clara,10.6
Santa Clara,11.9
Santa Clara,9.7
Santa Clara,9.1
Santa Clara,8.1
Santa Clara,9.2
Santa Clara,9.6
Santa Clara,9
Santa Clara,9
Santa Clara,10
Santa Clara,10
Santa Clara,12
Santa Clara,12
Santa Clara,12.2
Santa Clara,12.5
Santa Clara,9.8
Santa Clara,8.5
Santa Clara,8.5
Santa Clara,9
Santa Clara,9.7
Santa Clara,9.5
Santa Clara,9
Santa Clara,9.6
Santa Clara,10.6
Santa Clara,10.7
Santa Clara,10.7
Santa Clara,13.2
Santa Clara,12
Santa Clara,13.5
Santa Clara,11.5
Santa Clara,10.5
Santa Clara,6.2
Santa Clara,10.9
Santa Clara,10.7
Santa Clara,10.2
Santa Clara,9.3
Santa Clara,11.2
Santa Clara,10.3
Santa Clara,8.8
Santa Clara,8.6
Santa Clara,11
Santa Clara,10.7
Santa Clara,9.5
Santa Clara,8.9
Santa Clara,8.9
Santa Clara,8.1
Santa Clara,8.1
Santa Clara,10.9
Santa Clara,10.9
Santa Clara,11.7
Santa Clara,9.7
Santa Clara,8.7
Santa Clara,10.6
Santa Clara,9.7
Santa Clara,10.4
Santa Clara,10.2
Santa Clara,9.9
Santa Clara,9.1
Santa Clara,8.3
Santa Clara,9.5
Santa Clara,8.7
Santa Clara,8.8
Santa Clara,9.5
Santa Clara,10.2
Santa Clara,8.7
Santa Clara,7.9
Santa Clara,9
Santa Clara,10.4
Santa Clara,10.1
Santa Clara,11.7
Santa Clara,8.9
Santa Clara,8.9
Santa Clara,9.4
Santa Clara,9.6
Santa Clara,10.6
Santa Clara,9.2
Santa Clara,10
Santa Clara,9.5
Santa Clara,9.7
Santa Clara,10.4
Santa Clara,9.7
Santa Clara,11.2
Santa Clara,9.9
Santa Clara,11
Santa Clara,11.6
Santa Clara,12
Santa Clara,10.2
Santa Clara,8.9
Santa Clara,9.2
Santa Clara,8.9
Santa Clara,9.7
Santa Clara,11.2
Santa Clara,9.1
Santa Clara,9.6
Santa Clara,8.9
Santa Clara,8.7
Santa Clara,10.9
Santa Clara,9
Santa Clara,8.2
Santa Clara,8.7
Santa Clara,10.2
Santa Clara,9.6
Santa Clara,8
Santa Clara,8.7
Santa Clara,10.7
Santa Clara,10.2
Santa Clara,9.6
Santa Clara,9.5
Santa Clara,9.1
Santa Clara,9.5
Santa Clara,9.7
Santa Clara,10.1
Santa Clara,9.4
Santa Clara,8
Santa Clara,8.6
Santa Clara,9.6
Santa Clara,8.2
Santa Clara,10.4
Santa Clara,8.6
Santa Clara,9.1
Santa Clara,12.7
Santa Clara,9.3
Santa Clara,9.1
Santa Clara,9.3
Santa Clara,8.9
Santa Clara,7.3
Santa Clara,8.6
Santa Clara,8.4
Santa Clara,7.9
Santa Clara,10.3
Santa Clara,10.1
Santa Clara,8.8
Santa Clara,8.1
Santa Clara,7.8
Santa Clara,8.5
Santa Clara,9.1
Santa Clara,8.7
Santa Clara,9.3
Santa Clara,11
Santa Clara,11.1
Santa Clara,11.9
Santa Clara,12.1
Santa Clara,6.7
Santa Clara,7.1
Santa Clara,5.7
Santa Clara,8.5
Santa Clara,10.2
Santa Clara,10
Santa Clara,10
Santa Clara,10.2
Santa Clara,10
Santa Clara,9.8
Santa Clara,8.7
Santa Clara,8.4
Santa Clara,8.2
Santa Clara,5.6
Santa Clara,6.6
Santa Clara,8.3
Santa Clara,6.2
Santa Clara,7.7
Santa Clara,10.5
Santa Clara,11
Santa Clara,9.3
Santa Clara,8.3
Santa Clara,8.2
Santa Clara,6.6
Santa Clara,7
Santa Clara,6.5
Santa Clara,7
Santa Clara,8.5
Santa Clara,10.2
Santa Clara,12
Santa Clara,9.5
Santa Clara,9.7
Santa Clara,10
Santa Clara,7.5
Santa Clara,7.5
Santa Clara,6.7
Santa Clara,7.2
Santa Clara,6.7
Santa Clara,8.4
Santa Clara,7.7
Santa Clara,9.9
Santa Clara,11.4
Santa Clara,11.8
Santa Clara,10.7
Santa Clara,9.4
Santa Clara,9.6
Santa Clara,8.9
Santa Clara,7.7
Santa Clara,6.4
Santa Clara,8.8
Santa Clara,9.7
Santa Clara,10
Santa Clara,10.6
Santa Clara,10.5
Santa Clara,10.8
Santa Clara,10.1
Santa Clara,10.2
Santa Clara,9
Santa Clara,8.3
Santa Clara,6.4
Santa Clara,8.3
Santa Clara,9.9
Santa Clara,10.4
Santa Clara,10.4
Santa Clara,10.8
Santa Clara,10.6
Santa Clara,9.3
Santa Clara,10.8
Santa Clara,10.3
Santa Clara,9.9
Santa Clara,9.6
Santa Clara,8.5
Santa Clara,8.4
Santa Clara,8.9
Santa Clara,10.3
Santa Clara,11.4
Santa Clara,11.3
Santa Clara,8.5
Santa Clara,8
Santa Clara,8.3
Santa Clara,10.2
Santa Clara,9.7
Santa Clara,9.5
Santa Clara,7.5
Santa Clara,7.3
Santa Clara,9.3
Santa Clara,10.2
Santa Clara,11.9
Santa Clara,11.6
Santa Clara,9.3
Santa Clara,10
Santa Clara,12.3
Santa Clara,12.9
Santa Clara,10.5
Santa Clara,8.5
Santa Clara,8.6
Santa Clara,10.6
Santa Clara,11.2
Santa Clara,10.3
Santa Clara,11.2
Santa Clara,13.2
Santa Clara,11.1
Santa Clara,11.8
Santa Clara,10.5
Santa Clara,11
Santa Clara,9.7
Santa Clara,7.2
Santa Clara,10.5
Santa Clara,9.8
Santa Clara,13.5
Santa Clara,12
Santa Clara,13.1
Santa Clara,11.8
Santa Clara,8.5
Santa Clara,11.3
Santa Clara,11.2
Santa Clara,9.2
Santa Clara,11.2
Santa Clara,16.5
Santa Clara,10.3
Santa Clara,10.8
Santa Clara,9.7
Santa Clara,11.1
Santa Clara,10.5
Santa Clara,9.6
Santa Clara,8.7
Santa Clara,9.6
Santa Clara,9.2
Santa Clara,12.9
Santa Clara,11.9
Santa Clara,14.5
Santa Clara,16.5
Santa Clara,17
Santa Clara,11.8
Santa Clara,10.3
Santa Clara,10.3
Santa Clara,13.1
Santa Clara,11.5
Santa Clara,14.2
Santa Clara,10.4
Santa Clara,10.7
Santa Clara,10.2
Santa Clara,11.3
Santa Clara,12.4
Santa Clara,13.1
Santa Clara,9.8
Santa Clara,9.3
Santa Clara,10.4
Santa Clara,10.1
Santa Clara,8.2
Santa Clara,10.4
Santa Clara,14
Santa Clara,12.5
Santa Clara,11.8
Santa Clara,11.4
Santa Clara,13.5
Santa Clara,10
Santa Clara,9.6
Santa Clara,9.9
Santa Clara,10.8
Santa Clara,13.4
Santa Clara,8.9
Santa Clara,9.7
Santa Clara,9.8
Santa Clara,13.6
Santa Clara,11.4
Santa Clara,10.3
Santa Clara,10.9
Santa Clara,11.1
Santa Clara,11.4
Santa Clara,8.8
Santa Clara,9.2
Santa Clara,9.2
Santa Clara,8
Santa Clara,8.5
Santa Clara,9.7
Santa Clara,11.2
Santa Clara,8.3
Santa Clara,9
Santa Clara,9
Santa Clara,9.2
Santa Clara,12.5
Santa Clara,9
Santa Clara,11
Santa Clara,12.3
Santa Clara,8.5
Santa Clara,8.8
Santa Clara,10.9
Santa Clara,9.6
Santa Clara,10.7
Santa Clara,10
Santa Clara,11.2
Santa Clara,11
Santa Clara,12
Santa Clara,15.8
Santa Clara,8
Santa Clara,8
Santa Clara,4
Santa Clara,6
Santa Clara,5
Santa Clara,4
Santa Clara,4
Santa Clara,3
Santa Clara,3
Santa Clara,4
Santa Clara,5.2
Santa Clara,5
Santa Clara,5.6
Santa Clara,6.6
Santa Clara,8.1
Santa Clara,9.5
Santa Clara,10.3
Santa Clara,8
Santa Clara,6.3
Santa Clara,10
Santa Clara,10
Santa Clara,8
Santa Clara,8
Santa Clara,6
Santa Clara,5
Santa Clara,5
Santa Clara,5
Santa Clara,1
Santa Clara,8
Santa Clara,8.2
Santa Clara,6.6
Santa Clara,9.5
Santa Clara,8.2
Santa Clara,14
Santa Clara,9.5
Santa Clara,8
Santa Clara,11.5
Santa Clara,11.3
Santa Clara,9
Santa Clara,8
Santa Clara,7
Santa Clara,7
Santa Clara,6
Santa Clara,5
Santa Clara,5
Santa Clara,5
Santa Clara,1
Santa Clara,4
Santa Clara,9.5
Santa Clara,7.6
Santa Clara,9.5
Santa Clara,8.2
Santa Clara,9.4
Santa Clara,11.5
Santa Clara,13.2
Santa Clara,11.5
Santa Clara,9.5
Santa Clara,10
Santa Clara,14.4
Santa Clara,10.1
Santa Clara,9.6
Santa Clara,10.8
Santa Clara,10.8
Santa Clara,10.5
Santa Clara,11.9
Santa Clara,9.8
Santa Clara,11
Santa Clara,11.8
Santa Clara,13
Santa Clara,9.6
Santa Clara,12.5
Santa Clara,12.3
Santa Clara,11.3
Santa Clara,9
Santa Clara,8
Santa Clara,16.2
Santa Clara,6.7
Santa Clara,2.2
Santa Clara,7.7
Santa Clara,12.4
Santa Clara,15.4
Santa Clara,11.6
Santa Clara,10.4
Santa Clara,10.3
Santa Clara,12.1
Santa Clara,13.6
Santa Clara,9.4
Santa Clara,11.7
Santa Clara,10.7
Santa Clara,10.4
Santa Clara,9.8
Santa Clara,10.5
Santa Clara,10.8
Santa Clara,11.2
Santa Clara,11.7
Santa Clara,12.9
Santa Clara,11.1
Santa Clara,10.4
Santa Clara,9.9
Santa Clara,4.1
Santa Clara,4.1
Santa Clara,6.6
Santa Clara,6.9
Santa Clara,7.4
Santa Clara,8.9
Santa Clara,9.1
Santa Clara,7
Santa Clara,6.1
Santa Clara,7.2
Santa Clara,6.5
Santa Clara,7
Santa Clara,8.6
Santa Clara,8.7
Santa Clara,5.8
Santa Clara,4.6
Santa Clara,6
Santa Clara,8.4
Santa Clara,8.4
Santa Clara,9.2
Santa Clara,9.5
Santa Clara,8.1
Santa Clara,8.2
Santa Clara,7.8
Santa Clara,8.7
Santa Clara,7.4
Santa Clara,12.5
Santa Clara,7
Santa Clara,7.7
Santa Clara,7
Santa Clara,6.6
Santa Clara,7.9
Santa Clara,10.1
Santa Clara,8.9
Santa Clara,8.8
Santa Clara,8
Santa Clara,10.7
Santa Clara,11.5
Santa Clara,11.6
Santa Clara,6.6
Santa Clara,3.5
Santa Clara,3.3
Santa Clara,6.1
Santa Clara,7.6
Santa Clara,13.1
Santa Clara,9.4
Santa Clara,12.1
Santa Clara,7.1
Santa Clara,4.9
Santa Clara,5.2
Santa Clara,6.5
Santa Clara,8.2
Santa Clara,9
Santa Clara,9.4
Santa Clara,7.7
Santa Clara,8.9
Santa Clara,8.8
Santa Clara,10
Santa Clara,11.5
Santa Clara,10.4
Santa Clara,8.2
Santa Clara,9.3
Santa Clara,8.3
Santa Clara,8.7
Santa Clara,8.8
Santa Clara,9.5
Santa Clara,10.4
Santa Clara,11.1
Santa Clara,10.7
Santa Clara,12.3
Santa Clara,8.4
Santa Clara,7.5
Santa Clara,10.7
Santa Clara,10.4
Santa Clara,12.7
Santa Clara,12.1
Santa Clara,12.8
Santa Clara,11.5
Santa Clara,11.3
Santa Clara,10.8
Santa Clara,9.3
Santa Clara,10.4
Santa Clara,8.5
Santa Clara,11
Santa Clara,11.6
Santa Clara,10.9
Santa Clara,11.2
Santa Clara,9.6
Santa Clara,13
Santa Clara,12.9
Santa Clara,10.9
Santa Clara,11.1
Santa Clara,11.7
Santa Clara,13
Santa Clara,13.7
Santa Clara,11.5
Santa Clara,11.3
Santa Clara,11.3
Santa Clara,10.9
Santa Clara,10.7
Santa Clara,11.3
Santa Clara,11.9
Santa Clara,12.1
Santa Clara,11.5
Santa Clara,11.8
Santa Clara,11.2
Santa Clara,9.5
Santa Clara,12
Santa Clara,8.5
Santa Clara,12.6
Santa Clara,12.5
Santa Clara,13.7
Santa Clara,10.7
Santa Clara,11.5
Santa Clara,11.9
Santa Clara,10
Santa Clara,10.5
Santa Clara,11.3
Santa Clara,10.8
Santa Clara,10.5
Santa Clara,10.6
Santa Clara,11.5
Santa Clara,10
Santa Clara,9.3
Santa Clara,9
Santa Clara,10.2
Santa Clara,10.5
Santa Clara,9
Santa Clara,10.6
Santa Clara,11
Santa Clara,11.2
Santa Clara,11
Santa Clara,10.7
Santa Clara,10.3
Santa Clara,10.6
Santa Clara,10
Santa Clara,10
Santa Clara,10.4
Santa Clara,10
Santa Clara,10.2
Santa Clara,11.3
Santa Clara,13.4
Santa Clara,11.2
Santa Clara,10.7
Santa Clara,10.8
Santa Clara,10.8
Santa Clara,10.9
Santa Clara,9.5
Santa Clara,8.6
Santa Clara,9.1
Santa Clara,10
Santa Clara,10.2
Santa Clara,10
Santa Clara,16
Santa Clara,16
Santa Clara,11.1
Santa Clara,10.1
Santa Clara,11.5
Santa Clara,13.3
Santa Clara,14.1
Santa Clara,12.7
Santa Clara,13
Santa Clara,12.1
Santa Clara,11.5
Santa Clara,15.1
Santa Clara,13.6
Santa Clara,13.6
Santa Clara,15.3
Santa Clara,11.1
Santa Clara,11.2
Santa Clara,11
Santa Clara,10.9
Santa Clara,10.4
Santa Clara,9.8
Santa Clara,9.7
Santa Clara,10.9
Santa Clara,10.8
Santa Clara,13.2
Santa Clara,14.8
Santa Clara,9.8
Santa Clara,8.1
Santa Clara,10.5
Santa Clara,11.9
Santa Clara,9.7
Santa Clara,11.4
Santa Clara,10.7
Santa Clara,11.7
Santa Clara,10.4
Santa Clara,11.4
Santa Clara,9.9
Santa Clara,10.8
Santa Clara,10.9
Santa Clara,10.6
Santa Clara,10.6
Santa Clara,10.5
Santa Clara,9.8
Santa Clara,9.7
Santa Clara,10
Santa Clara,9.9
Santa Clara,10.3
Santa Clara,12.4
Santa Clara,10.7
Santa Clara,11.8
Santa Clara,12
Santa Clara,11
Santa Clara,10.7
Santa Clara,10.5
Santa Clara,9.8
Santa Clara,8.7
Santa Clara,8.9
Santa Clara,9.7
Santa Clara,12
Santa Clara,13.3
Santa Clara,10.7
Santa Clara,12.5
Santa Clara,10.5
Santa Clara,10.4
Santa Clara,10.4
Santa Clara,12.8
Santa Clara,11.6
Santa Clara,11.9
Santa Clara,10.2
Santa Clara,11.3
Santa Clara,7.9
Santa Clara,14.3
Santa Clara,6.2
Santa Clara,10.2
Santa Clara,11
Santa Clara,10.8
Santa Clara,10.5
Santa Clara,10.2
Santa Clara,10.7
Santa Clara,9.5
Santa Clara,8.6
Santa Clara,10.5
Santa Clara,11.1
Santa Clara,11.4
Santa Clara,12.2
Santa Clara,12.8
Santa Clara,13.4
Santa Clara,11.4
Santa Clara,9.6
Santa Clara,9.3
Santa Clara,8.7
Santa Clara,13
Santa Clara,8.7
Santa Clara,9.3
Santa Clara,10.3
Santa Clara,10.9
Santa Clara,11.4
Santa Clara,13.1
Santa Clara,12.5
Santa Clara,11.1
Santa Clara,10.8
Santa Clara,9.1
Santa Clara,10.2
Santa Clara,10.5
Santa Clara,9.2
Santa Clara,8.1
Santa Clara,10.4
Santa Clara,10.1
Santa Clara,10.2
Santa Clara,15.1
Santa Clara,12.5
Santa Clara,11.5
Santa Clara,10.3
Santa Clara,9.8
Santa Clara,10.5
Santa Clara,14.5
Santa Clara,10.4
Santa Clara,10.7
Santa Clara,10.9
Santa Clara,10.7
Santa Clara,11.8
Santa Clara,10.3
Santa Clara,11.1
Santa Clara,9.9
Santa Clara,12.7
Santa Clara,9.3
Santa Clara,10.6
Santa Clara,10.3
Santa Clara,12.7
Santa Clara,9.3
Santa Clara,13.1
Santa Clara,10.6
Santa Clara,11.2
Santa Clara,10.4
Santa Clara,11.4
Santa Clara,12.1
Santa Clara,8.6
Santa Clara,13
Santa Clara,13.1
Santa Clara,13.5
Santa Clara,8.5
Santa Clara,9.8
Santa Clara,9.8
Santa Clara,9.8
Santa Clara,8
Santa Clara,8
Santa Clara,8
Santa Clara,9.7
Santa Clara,8
Santa Clara,10.4
Santa Clara,10.4
Santa Clara,9.4
Santa Clara,9.4
Santa Clara,7.4
Santa Clara,8.1
Santa Clara,4.78
Santa Clara,8.87
Santa Clara,8.59
Santa Clara,9.6
Santa Clara,7.72
Santa Clara,8.75
Santa Clara,8.1
Santa Clara,10.2
Santa Clara,9.2
Santa Clara,9.8
Santa Clara,7.2
Santa Clara,9.7
Santa Clara,8.8
Santa Clara,9.1
Santa Clara,9.6
Santa Clara,9
Santa Clara,8.4
Santa Clara,9.1
Santa Clara,7.4
Santa Clara,8.8
Santa Clara,7
Santa Clara,9
Santa Clara,8.1
Santa Clara,9.78
Santa Clara,8.1
Santa Clara,10.2
Santa Clara,8.7
Santa Clara,10.3
Santa Clara,9.7
Santa Clara,10.9
Santa Clara,9.1
Santa Clara,10.4
Santa Clara,9.21
Santa Clara,10.1
Santa Clara,7.5
Santa Clara,9.4
Santa Clara,8.55
Santa Clara,10.71
Santa Clara,9.22
Santa Clara,10.86
Santa Clara,8.34
Santa Clara,10.7
Santa Clara,9.04
Santa Clara,9.4
Santa Clara,8.8
Santa Clara,10.3
Santa Clara,10.9
Santa Clara,10.5
Santa Clara,10.6
Santa Clara,10.6
Santa Clara,10.9
Santa Clara,10.6
Santa Clara,10.9
Santa Clara,10.6
Santa Clara,11.4
Santa Clara,9.7
Santa Clara,10.3
Santa Clara,10.7
Santa Clara,10.6
Santa Clara,11.6
Santa Clara,9.9
Santa Clara,10.1
Santa Clara,8.6
Santa Clara,6.7
Santa Clara,13.6
Santa Clara,1.5
Santa Clara,7.2
Santa Clara,9.4
Santa Clara,5.2
Santa Clara,9.8
Santa Clara,13.4
Santa Clara,11
Santa Clara,11.3
Santa Clara,11
Santa Clara,9.1
Santa Clara,9.2
Santa Clara,8
Santa Clara,10.2
Santa Clara,9.8
Santa Clara,10.3
Santa Clara,10.5
Santa Clara,10.4
Santa Clara,10.5
Santa Clara,10.7
Santa Clara,11.1
Santa Clara,10.8
Santa Clara,9.7
Santa Clara,8.2
Santa Clara,10.3
Santa Clara,10.1
Santa Clara,10.8
Santa Clara,11.9
Santa Clara,11.6
Santa Clara,12.7
Santa Clara,10
Santa Clara,11.4
Santa Clara,10.4
Santa Clara,10.3
Santa Clara,7.8
Santa Clara,8.3
Santa Clara,8.1
Santa Clara,9.8
Santa Clara,9.7
Santa Clara,10.7
Santa Clara,11.1
Santa Clara,11.8
Santa Clara,11.5
Santa Clara,11.2
Santa Clara,11.2
Santa Clara,8.2
Santa Clara,9.5
Santa Clara,9.4
Santa Clara,9.6
Santa Clara,9.6
Santa Clara,9.8
Santa Clara,11
Santa Clara,10.1
Santa Clara,10.9
Santa Clara,12.3
Santa Clara,11.5
Santa Clara,11
Santa Clara,10.6
Santa Clara,10.7
Santa Clara,10.2
Santa Clara,9.8
Santa Clara,9
Santa Clara,9.5
Santa Clara,11.5
Santa Clara,11.4
Santa Clara,11.9
Santa Clara,10.6
Santa Clara,10
Santa Clara,9.7
Santa Clara,9.3
Santa Clara,9.2
Santa Clara,8.8
Santa Clara,9.2
Santa Clara,8.8
Santa Clara,9.5
Santa Clara,10.7
Santa Clara,10.3
Santa Clara,11.3
Santa Clara,10.8
Santa Clara,10.2
Santa Clara,9.7
Santa Clara,10.1
Santa Clara,10.2
Santa Clara,11.1
Santa Clara,10.7
Santa Clara,10
Santa Clara,8.7
Santa Clara,10
Santa Clara,10.7
Santa Clara,9.9
Santa Clara,10.4
Santa Clara,10.1
Santa Clara,10
Santa Clara,9.3
Santa Clara,7.6
Santa Clara,8.5
Santa Clara,8
Santa Clara,8.2
Santa Clara,9.2
Santa Clara,12
Santa Clara,10.6
Santa Clara,10.1
Santa Clara,10.5
Santa Clara,8.9
Santa Clara,8.9
Santa Clara,8.9
Santa Clara,9.1
Santa Clara,8.5
Santa Clara,8.7
Santa Clara,10.1
Santa Clara,9.6
Santa Clara,11.3
Santa Clara,11.8
Santa Clara,9.3
Santa Clara,11.7
Santa Clara,9.8
Santa Clara,10
Santa Clara,8.3
Santa Clara,8.4
Santa Clara,8.3
Santa Clara,8.5
Santa Clara,9.8
Santa Clara,10.1
Santa Clara,10.7
Santa Clara,11.6
Santa Clara,11.1
Santa Clara,10
Santa Clara,11.8
Santa Clara,11.1
Santa Clara,10.2
Santa Clara,8
Santa Clara,8.2
Santa Clara,8.7
Santa Clara,8.9
Santa Clara,9.9
Santa Clara,11
Santa Clara,10.4
Santa Clara,10.5
Santa Clara,10.5
Santa Clara,10.1
Santa Clara,10.6
Santa Clara,10.3
Santa Clara,9.5
Santa Clara,8.6
Santa Clara,8.8
Santa Clara,8.8
Santa Clara,11.3
Santa Clara,11.6
Santa Clara,11.7
Santa Clara,11.5
Santa Clara,11.1
Santa Clara,10.6
Santa Clara,9.6
Santa Clara,8.5
Santa Clara,9.5
Santa Clara,9.7
Santa Clara,10
Santa Clara,10.4
Santa Clara,11.1
Santa Clara,10.4
Santa Clara,11.1
Santa Clara,10.6
Santa Clara,11.5
Santa Clara,8.5
Santa Clara,11
Santa Clara,10.3
Santa Clara,10.8
Santa Clara,9.2
Santa Clara,9.4
Santa Clara,8.6
Santa Clara,9.6
Santa Clara,10.1
Santa Clara,10.5
Santa Clara,12.5
Santa Clara,10.7
Santa Clara,10.8
Santa Clara,10
Santa Clara,9.9
Santa Clara,10.5
Santa Clara,10
Santa Clara,10.4
Santa Clara,10.6
Santa Clara,10.3
Santa Clara,11.4
Santa Clara,9
Santa Clara,9.8
Santa Clara,8
Santa Clara,10.4
Santa Clara,7.3
Santa Clara,9.9
Santa Clara,8.9
Santa Clara,13.2
Santa Clara,11.6
Santa Clara,11.3
Santa Clara,8.2
Santa Clara,12.1
Santa Clara,9.1
Santa Clara,12
Santa Clara,9.7
Santa Clara,11.1
Santa Clara,10.5
Santa Clara,10.7
Santa Clara,7
Santa Clara,10.9
Santa Clara,13
Santa Clara,11.4
Santa Clara,10.5
Santa Clara,10.5
Santa Clara,10.5
Santa Clara,9.1
Santa Clara,9.1
Santa Clara,13.3
Santa Clara,13.3
Santa Clara,13.3
Santa Clara,11.5
Santa Clara,11.5
Santa Clara,11.5
Santa Clara,10.6
Santa Clara,8.3
Santa Clara,11
Santa Clara,11
Santa Clara,9.3
Santa Clara,9.3
Santa Clara,9.3
Santa Clara,11
Santa Clara,8.5
Santa Clara,7.65
Santa Clara,8.57
Santa Clara,8.9
Santa Clara,10.5
Santa Clara,4.82
Santa Clara,9.4
Santa Clara,7.6
Santa Clara,11.5
Santa Clara,8.8
Santa Clara,11.2
Santa Clara,8.7
Santa Clara,10.7
Santa Clara,10
Santa Clara,10.6
Santa Clara,8.8
Santa Clara,10.3
Santa Clara,9.3
Santa Clara,10.7
Santa Clara,8.7
Santa Clara,9.5
Santa Clara,8.7
Santa Clara,9.8
Santa Clara,9
Santa Clara,10.7
Santa Clara,8.9
Santa Clara,9.6
Santa Clara,9.6
Santa Clara,10.3
Santa Clara,10
Santa Clara,11.84
Santa Clara,9.5
Santa Clara,10.8
Santa Clara,9.86
Santa Clara,11.4
Santa Clara,8.6
Santa Clara,10.3
Santa Clara,8.99
Santa Clara,10.5
Santa Clara,9.52
Santa Clara,11.55
Santa Clara,9.44
Santa Clara,10.81
Santa Clara,9.33
Santa Clara,9.87
Santa Clara,10.52
Santa Clara,3
Santa Clara,9.5
Santa Clara,9.1
Santa Clara,10.4
Santa Clara,10.8
Santa Clara,7.2
Santa Clara,10.9
Santa Clara,11.1
Santa Clara,9.9
Santa Clara,7.2
Santa Clara,7.9
Santa Clara,5.9
Santa Clara,10.7
Santa Clara,11.9
Santa Clara,12.6
Santa Clara,11.5
Santa Clara,12
Santa Clara,16.6
Santa Clara,7.6
Santa Clara,6.5
Santa Clara,6.2
Santa Clara,10.1
Santa Clara,10.7
Santa Clara,10.6
Santa Clara,13.3
Santa Clara,9.9
Santa Clara,10.2
Santa Clara,11.3
Santa Clara,9.7
Santa Clara,7.3
Santa Clara,11.2
Santa Clara,10.6
Santa Clara,9.1
Santa Clara,7.3
Santa Clara,5
Santa Clara,6
Santa Clara,10.7
Santa Clara,11.3
Santa Clara,14.5
Santa Clara,10.5
Santa Clara,10.3
Santa Clara,7.3
Santa Clara,5.4
Santa Clara,4.8
Santa Clara,19.5
Santa Clara,16.4
Santa Clara,13.8
Santa Clara,20.2
Santa Clara,24.5
Santa Clara,20.1
Santa Clara,17.2
Santa Clara,13.6
Santa Clara,16.7
Santa Clara,18.1
Santa Clara,14.7
Santa Clara,24.7
Santa Clara,14.1
Santa Clara,14.9
Santa Clara,21.6
Santa Clara,18.1
Santa Clara,12.6
Santa Clara,12.6
Santa Clara,8.9
Santa Clara,28.7
Santa Clara,10.2
Santa Clara,17.8
Santa Clara,31.7
Santa Clara,14.9
Santa Clara,8.2
Santa Clara,16.8
Santa Clara,10.7
Santa Clara,15.9
Santa Clara,9.2
Santa Clara,13.2
Santa Clara,20.2
Santa Clara,7.6
Santa Clara,9.5
Santa Clara,4
Santa Clara,8
Santa Clara,7
Santa Clara,8
Santa Clara,7
Santa Clara,7
Santa Clara,9
Santa Clara,8
Santa Clara,11
Santa Clara,4
Santa Clara,10
Santa Clara,8
Santa Clara,8
Santa Clara,7
Santa Clara,8
Santa Clara,7
Santa Clara,7
Santa Clara,8
Santa Clara,9
Santa Clara,10
Santa Clara,9
Santa Clara,9
Santa Clara,9
Santa Clara,8
Santa Clara,8
Santa Clara,8
Santa Clara,8
Santa Clara,8
Santa Clara,7
Santa Clara,7
Santa Clara,6
Santa Clara,7
Santa Clara,9.1
Santa Clara,11.5
Santa Clara,10.2
Santa Clara,1.8
Santa Clara,10
Santa Clara,9.8
Santa Clara,8.6
Santa Clara,6.9
Santa Clara,6.8
Santa Clara,10.2
Santa Clara,10
Santa Clara,8.4
Santa Clara,8.9
Santa Clara,8.5
Santa Clara,9.2
Santa Clara,4.7
Santa Clara,10.1
Santa Clara,8.6
Santa Clara,7.7
Santa Clara,8.2
Santa Clara,9
Santa Clara,8.8
Santa Clara,8.5
Santa Clara,8.7
Santa Clara,3
Santa Clara,3
Santa Clara,1
Santa Clara,2
Santa Clara,2
Santa Clara,
Santa Clara,
Santa Clara,
Santa Clara,7
Santa Clara,7
Santa Clara,8
Santa Clara,8
Santa Clara,12
Santa Clara,12
Santa Clara,12
Santa Clara,10
Santa Clara,7
Santa Clara,6
Santa Clara,6
Santa Clara,5
Santa Clara,5
Santa Clara,4
Santa Clara,1
Santa Clara,6
Santa Clara,6
Santa Clara,4
Santa Clara,6
Santa Clara,7
Santa Clara,6
Santa Clara,5
Santa Clara,1
Santa Clara,7
Santa Clara,8
Santa Clara,6
Santa Clara,9
Santa Clara,4
Santa Clara,4
Santa Clara,1
Santa Clara,2
Santa Clara,
Santa Clara,1
Santa Clara,1
Santa Clara,7
Santa Clara,7
Santa Clara,8
Santa Clara,8
Santa Clara,4
Santa Clara,2
Santa Clara,1
Santa Clara,1
Santa Clara,2
Santa Clara,10
Santa Clara,3
Santa Clara,12.9
Santa Clara,8
Santa Clara,9.4
Santa Clara,7.2
Santa Clara,7.1
Santa Clara,8.3
Santa Clara,9
Santa Clara,9.5
Santa Clara,10
Santa Clara,11
Santa Clara,12
Santa Clara,12
Santa Clara,11
Santa Clara,11
Santa Clara,11
Santa Clara,13
Santa Clara,13
Santa Clara,10
Santa Clara,7
Santa Clara,3
Santa Clara,3
Santa Clara,
Santa Clara,
Santa Clara,7
Santa Clara,5
Santa Clara,4
Santa Clara,3
Santa Clara,2
Santa Clara,8
Santa Clara,10
Santa Clara,7
Santa Clara,5
Santa Clara,6
Santa Clara,5
Santa Clara,9
Santa Clara,2
Santa Clara,1
Santa Clara,8
Santa Clara,5
Santa Clara,7
Santa Clara,9
Santa Clara,7
Santa Clara,6
Santa Clara,7
Santa Clara,6
Santa Clara,5
Santa Clara,5
Santa Clara,3
Santa Clara,2
Santa Clara,9.5
Santa Clara,6.3
Santa Clara,3.6
Santa Clara,1.9
Santa Clara,4.9
Santa Clara,9.3
Santa Clara,5.6
Santa Clara,2.4
Santa Clara,1
Santa Clara,8.3
Santa Clara,8.7
Santa Clara,7.8
Santa Clara,3.7
Santa Clara,1.4
Santa Clara,9.9
Santa Clara,9.7
Santa Clara,5.9
Santa Clara,3
Santa Clara,8.2
Santa Clara,10.4
Santa Clara,5.7
Santa Clara,9.8
Santa Clara,8.8
Santa Clara,8
Santa Clara,10
Santa Clara,10
Santa Clara,8
Santa Clara,8
Santa Clara,8
Santa Clara,9
Santa Clara,7
Santa Clara,13
Santa Clara,7
Santa Clara,9
Santa Clara,8
Santa Clara,9
Santa Clara,8
Santa Clara,8
Santa Clara,8
Santa Clara,8
Santa Clara,9
Santa Clara,10
Santa Clara,10
Santa Clara,10
Santa Clara,9
Santa Clara,8
Santa Clara,5
Santa Clara,8
Santa Clara,7
Santa Clara,7
Santa Clara,7
Santa Clara,7
Santa Clara,10.7
Santa Clara,9.5
Santa Clara,9.1
Santa Clara,11.2
Santa Clara,11.4
Santa Clara,9.4
Santa Clara,8.5
Santa Clara,8.4
Santa Clara,9.4
Santa Clara,11.2
Santa Clara,11
Santa Clara,10.5
Santa Clara,8.6
Santa Clara,7.7
Santa Clara,9.9
Santa Clara,6.1
Santa Clara,8.7
Santa Clara,8.9
Santa Clara,9.1
Santa Clara,8.6
Santa Clara,10.4
Santa Clara,10
Santa Clara,9.3
Santa Clara,8.6
Santa Clara,9
Santa Clara,10.3
Santa Clara,9.6
Santa Clara,9.4
Santa Clara,8.9
Santa Clara,10.4
Santa Clara,8
Santa Clara,7
Santa Clara,7
Santa Clara,9
Santa Clara,10
Santa Clara,10
Santa Clara,10
Santa Clara,10
Santa Clara,10
Santa Clara,10
Santa Clara,9
Santa Clara,9
Santa Clara,9
Santa Clara,9
Santa Clara,12
Santa Clara,9
Santa Clara,10
Santa Clara,11
Santa Clara,10
Santa Clara,10
Santa Clara,8
Santa Clara,8
Santa Clara,8
Santa Clara,7
Santa Clara,7
Santa Clara,7
Santa Clara,6
Santa Clara,8
Santa Clara,10.3
Santa Clara,10.4
Santa Clara,9.5
Santa Clara,8.2
Santa Clara,7.5
Santa Clara,10.3
Santa Clara,9.6
Santa Clara,8.6
Santa Clara,9.4
Santa Clara,11.9
Santa Clara,10.7
Santa Clara,9.7
Santa Clara,10.6
Santa Clara,10.6
Santa Clara,9.8
Santa Clara,8.9
Santa Clara,10.5
Santa Clara,8
Santa Clara,2
Santa Clara,1
Santa Clara,
Santa Clara,5
Santa Clara,7
Santa Clara,7
Santa Clara,6
Santa Clara,13
Santa Clara,12
Santa Clara,12
Santa Clara,9
Santa Clara,8
Santa Clara,7
Santa Clara,7
Santa Clara,7
Santa Clara,9
Santa Clara,10
Santa Clara,6
Santa Clara,6
Santa Clara,5
Santa Clara,2
Santa Clara,9
Santa Clara,8
Santa Clara,5
Santa Clara,2
Santa Clara,1
Santa Clara,4
Santa Clara,7
Santa Clara,7
Santa Clara,9
Santa Clara,10
Santa Clara,10
Santa Clara,9
Santa Clara,6
Santa Clara,4
Santa Clara,3
Santa Clara,3
Santa Clara,6
Santa Clara,3
Santa Clara,4
Santa Clara,7
Santa Clara,7
Santa Clara,10.6
Santa Clara,5.1
Santa Clara,0.6
Santa Clara,6.5
Santa Clara,9.9
Santa Clara,7
Santa Clara,2
Santa Clara,9.8
Santa Clara,5.8
Santa Clara,2.7
Santa Clara,3.2
Santa Clara,9.1
Santa Clara,7.9
Santa Clara,7.5
Santa Clara,
Santa Clara,
Santa Clara,9.3
Santa Clara,9.2
Santa Clara,6.5
Santa Clara,6
Santa Clara,4.1
Santa Clara,0.2
Santa Clara,0.6
Santa Clara,9.5
Santa Clara,7.9
Santa Clara,7.4
Santa Clara,7.9
Santa Clara,8.7
Santa Clara,9
Santa Clara,13
Santa Clara,6
Santa Clara,8
Santa Clara,8
Santa Clara,10
Santa Clara,9
Santa Clara,13
Santa Clara,9
Santa Clara,9
Santa Clara,9
Santa Clara,8
Santa Clara,8
Santa Clara,7
Santa Clara,9
Santa Clara,11
Santa Clara,10
Santa Clara,11
Santa Clara,11
Santa Clara,9
Santa Clara,9
Santa Clara,9
Santa Clara,8
Santa Clara,7
Santa Clara,9
Santa Clara,7
Santa Clara,7
Santa Clara,10.4
Santa Clara,11
Santa Clara,10.5
Santa Clara,9.9
Santa Clara,8.5
Santa Clara,5.1
Santa Clara,10.3
Santa Clara,11.1
Santa Clara,10.2
Santa Clara,9
Santa Clara,8.6
Santa Clara,9.6
Santa Clara,9.8
Santa Clara,13.5
Santa Clara,9.8
Santa Clara,7.4
Santa Clara,7.9
Santa Clara,9.2
Santa Clara,9.2
Santa Clara,11.9
Santa Clara,11.4
Santa Clara,9.8
Santa Clara,9.6
Santa Clara,9.4
Santa Clara,8.1
Santa Clara,8.8
Santa Clara,8.5
Santa Clara,8.7
Santa Clara,11.4
Santa Clara,2
Santa Clara,
Santa Clara,
Santa Clara,
Santa Clara,6
Santa Clara,10
Santa Clara,11
Santa Clara,10
Santa Clara,5
Santa Clara,6
Santa Clara,5
Santa Clara,
Santa Clara,1
Santa Clara,
Santa Clara,8
Santa Clara,8
Santa Clara,8
Santa Clara,8
Santa Clara,2
Santa Clara,1
Santa Clara,1
Santa Clara,3
Santa Clara,3
Santa Clara,5
Santa Clara,6
Santa Clara,1
Santa Clara,1
Santa Clara,1
Santa Clara,2
Santa Clara,1
Santa Clara,5
Santa Clara,6
Santa Clara,8
Santa Clara,10
Santa Clara,7
Santa Clara,1
Santa Clara,1
Santa Clara,
Santa Clara,1
Santa Clara,2
Santa Clara,2
Santa Clara,4
Santa Clara,7.4
Santa Clara,2.3
Santa Clara,1.4
Santa Clara,1.9
Santa Clara,
Santa Clara,5.8
Santa Clara,1.5
Santa Clara,1.7
Santa Clara,0.7
Santa Clara,0.9
Santa Clara,2.5
Santa Clara,2.7
Santa Clara,9.1
Santa Clara,8.4
Santa Clara,8.6
Santa Clara,7.3
Santa Clara,6.6
Santa Clara,8.6
Santa Clara,9
Santa Clara,8
Santa Clara,8
Santa Clara,9
Santa Clara,9
Santa Clara,11
Santa Clara,9
Santa Clara,9
Santa Clara,8
Santa Clara,9
Santa Clara,9
Santa Clara,8
Santa Clara,2
Santa Clara,8
Santa Clara,11
Santa Clara,10
Santa Clara,10
Santa Clara,8
Santa Clara,9
Santa Clara,8
Santa Clara,8
Santa Clara,7
Santa Clara,7
Santa Clara,7
Santa Clara,7
Santa Clara,8
Santa Clara,9.8
Santa Clara,10.6
Santa Clara,8
Santa Clara,8.8
Santa Clara,7.9
Santa Clara,11
Santa Clara,9.7
Santa Clara,9.9
Santa Clara,9.9
Santa Clara,9.1
Santa Clara,8
Santa Clara,11
Santa Clara,10.8
Santa Clara,12.1
Santa Clara,9.1
Santa Clara,10.4
Santa Clara,10.4
Santa Clara,9.7
Santa Clara,9.6
Santa Clara,8.3
Santa Clara,9.9
Santa Clara,7
Santa Clara,6
Santa Clara,10
Santa Clara,10
Santa Clara,13
Santa Clara,12
Santa Clara,12
Santa Clara,9
Santa Clara,7
Santa Clara,7
Santa Clara,5
Santa Clara,9
Santa Clara,10
Santa Clara,9
Santa Clara,7
Santa Clara,6
Santa Clara,4
Santa Clara,5
Santa Clara,1
Santa Clara,2
Santa Clara,8
Santa Clara,6
Santa Clara,10
Santa Clara,9
Santa Clara,10
Santa Clara,8
Santa Clara,7
Santa Clara,6
Santa Clara,6
Santa Clara,4
Santa Clara,3
Santa Clara,6
Santa Clara,7
Santa Clara,8
Santa Clara,9.8
Santa Clara,8.2
Santa Clara,8
Santa Clara,6.9
Santa Clara,7.9
Santa Clara,8
Santa Clara,5.3
Santa Clara,3.3
Santa Clara,7.2
Santa Clara,9.2
Santa Clara,10
Santa Clara,8
Santa Clara,10
Santa Clara,10
Santa Clara,11
Santa Clara,8
Santa Clara,10
Santa Clara,6
Santa Clara,10
Santa Clara,10
Santa Clara,8
Santa Clara,9
Santa Clara,8
Santa Clara,8
Santa Clara,8
Santa Clara,8
Santa Clara,10
Santa Clara,10
Santa Clara,11
Santa Clara,5
Santa Clara,11
Santa Clara,11
Santa Clara,8
Santa Clara,7
Santa Clara,8
Santa Clara,5
Santa Clara,8
Santa Clara,8
Santa Clara,8
Santa Clara,7
Santa Clara,7
Santa Clara,10.4
Santa Clara,9.7
Santa Clara,9
Santa Clara,13
Santa Clara,9.5
Santa Clara,9.4
Santa Clara,9.9
Santa Clara,7.4
Santa Clara,7.9
Santa Clara,10.6
Santa Clara,11
Santa Clara,9.7
Santa Clara,10.1
Santa Clara,9.2
Santa Clara,9
Santa Clara,10
Santa Clara,12
Santa Clara,8.4
Santa Clara,19
Santa Clara,10.8
Santa Clara,12
Santa Clara,12
Santa Clara,12
Santa Clara,9
Santa Clara,7
Santa Clara,5
Santa Clara,3
Santa Clara,3
Santa Clara,
Santa Clara,8
Santa Clara,4
Santa Clara,
Santa Clara,2
Santa Clara,2
Santa Clara,9
Santa Clara,7
Santa Clara,5
Santa Clara,5
Santa Clara,3
Santa Clara,2
Santa Clara,2
Santa Clara,10
Santa Clara,11
Santa Clara,11
Santa Clara,10
Santa Clara,10
Santa Clara,7
Santa Clara,7
Santa Clara,6
Santa Clara,5
Santa Clara,3
Santa Clara,5
Santa Clara,7
Santa Clara,7
Santa Clara,9.6
Santa Clara,10.6
Santa Clara,6.4
Santa Clara,10.5
Santa Clara,8.5
Santa Clara,9.4
Santa Clara,7
Santa Clara,11.1
Santa Clara,11
Santa Clara,9.2
Santa Clara,3.8
Santa Clara,6.8
Santa Clara,9.8
Santa Clara,7
Santa Clara,3
Santa Clara,
Santa Clara,9
Santa Clara,8
Santa Clara,5
Santa Clara,8
Santa Clara,6
Santa Clara,10
Santa Clara,10
Santa Clara,10
Santa Clara,10
Santa Clara,9
Santa Clara,9
Santa Clara,9
Santa Clara,9
Santa Clara,11
Santa Clara,11
Santa Clara,8
Santa Clara,8
Santa Clara,11
Santa Clara,11
Santa Clara,11
Santa Clara,11
Santa Clara,9
Santa Clara,9
Santa Clara,8
Santa Clara,8
Santa Clara,11
Santa Clara,11
Santa Clara,14
Santa Clara,14
Santa Clara,11
Santa Clara,11
Santa Clara,10
Santa Clara,8
Santa Clara,8
Santa Clara,8
Santa Clara,8
Santa Clara,10
Santa Clara,10
Santa Clara,10
Santa Clara,10
Santa Clara,7
Santa Clara,7
Santa Clara,9
Santa Clara,9
Santa Clara,9
Santa Clara,6
Santa Clara,11.5
Santa Clara,10.5
Santa Clara,9.8
Santa Clara,9.8
Santa Clara,7.7
Santa Clara,4
Santa Clara,7.2
Santa Clara,11
Santa Clara,11
Santa Clara,10.1
Santa Clara,3.6
Santa Clara,6.9
Santa Clara,4.8
Santa Clara,6.5
Santa Clara,7.7
Santa Clara,7.4
Santa Clara,8.5
Santa Clara,9.9
Santa Clara,5.1
Santa Clara,9.2
Santa Clara,10
Santa Clara,12.6
Santa Clara,9.9
Santa Clara,12.5
Santa Clara,18.3
Santa Clara,10.2
Santa Clara,11.4
Santa Clara,14.8
Santa Clara,8.6
Santa Clara,9.5
Santa Clara,9.7
Santa Clara,11.7
Santa Clara,10.6
Santa Clara,10.5
Santa Clara,10
Santa Clara,11
Santa Clara,10
Santa Clara,11
Santa Clara,12
Santa Clara,8
Santa Clara,8
Santa Clara,9
Santa Clara,7
Santa Clara,9
Santa Clara,11
Santa Clara,10
Santa Clara,9
Santa Clara,8
Santa Clara,10
Santa Clara,8
Santa Clara,7
Santa Clara,7
Santa Clara,9
Santa Clara,7
Santa Clara,10
Santa Clara,11
Santa Clara,11
Santa Clara,10
Santa Clara,8
Santa Clara,11
Santa Clara,9
Santa Clara,9
Santa Clara,8
Santa Clara,7
Santa Clara,8
Santa Clara,9
Santa Clara,10
Santa Clara,12.5
Santa Clara,9.5
Santa Clara,9.5
Santa Clara,9.5
Santa Clara,7.4
Santa Clara,9.6
Santa Clara,8.8
Santa Clara,11.2
Santa Clara,9.6
Santa Clara,11.8
Santa Clara,11.2
Santa Clara,11.6
Santa Clara,10
Santa Clara,4
Santa Clara,2
Santa Clara,6
Santa Clara,8
Santa Clara,10
Santa Clara,12
Santa Clara,12
Santa Clara,10
Santa Clara,7
Santa Clara,5
Santa Clara,4
Santa Clara,1
Santa Clara,1
Santa Clara,9
Santa Clara,5
Santa Clara,5
Santa Clara,5
Santa Clara,5
Santa Clara,4
Santa Clara,9
Santa Clara,9
Santa Clara,8
Santa Clara,8
Santa Clara,5
Santa Clara,2
Santa Clara,1
Santa Clara,
Santa Clara,6
Santa Clara,7
Santa Clara,10
Santa Clara,10
Santa Clara,10
Santa Clara,7
Santa Clara,5
Santa Clara,3
Santa Clara,1
Santa Clara,3
Santa Clara,5
Santa Clara,6
Santa Clara,8
Santa Clara,10
Santa Clara,10.2
Santa Clara,7.8
Santa Clara,0.5
Santa Clara,4.4
Santa Clara,7.8
Santa Clara,9.6
Santa Clara,8.4
Santa Clara,4.3
Santa Clara,0.7
Santa Clara,11.3
Santa Clara,7.5
Santa Clara,7.7
